Step	,episode.rwd	+,episode.q	,epsilon	,time
1694	,0	,1321.43816024	,0	,0.0168540477753
3021	,0	,1171.31211539	,0	,0.00876379013062
4269	,0	,829.349686816	,0	,0.014191865921
6013	,0	,1171.26895437	,0	,0.00995802879333
1694	,54	,1321.43816024	,0	,0.00819897651672
3021	,57	,1171.31211539	,0	,0.00811409950256
4269	,36	,829.349686816	,0	,0.00840210914612
6013	,51	,1171.26895437	,0	,0.00793099403381
